<?xml version="1.0"?>
<!DOCTYPE service-builder PUBLIC "-//Liferay//DTD Service Builder 7.3.0//EN" "http://www.liferay.com/dtd/liferay-service-builder_7_3_0.dtd">

<service-builder dependency-injector="ds" package-path="com.liferay.karam.product">
	<author>Ashish Paghdar</author>
	<namespace>Karam</namespace>
	<!--<entity data-source="sampleDataSource" local-service="true" name="Foo" remote-service="false" session-factory="sampleSessionFactory" table="foo" tx-manager="sampleTransactionManager uuid="true"">-->
	<entity local-service="true" name="Product" remote-service="true" uuid="true">

		<!-- PK fields -->
		<column name="productId" primary="true" type="long" />

		<!-- Group instance -->
		<column name="groupId" type="long" />

		<!-- Audit fields -->
		<column name="companyId" type="long" />
		<column name="userId" type="long" />
		<column name="userName" type="String" />	
		<column name="createDate" type="Date" />
		<column name="modifiedDate" type="Date" />

		<!-- Product fields -->
		<column name="productName" type="String" />
		<column name="productDescription" type="String" />
 		<column name="productRefNo" type="String" />
	<!-- 	<column name="industrySpecific" type="String"></column> 
		<column name="categoryType" type="String"></column> 
		<column name="industryStandard"	 type="String"></column> -->
		<column name="imagePath" type="String"></column> 
		<column name="isActive" type="Boolean"></column>

		<!-- Order by PRoduct Id-->
		<order by="asc">
			<order-column name="productId" />
		</order>
		
		<!-- Order Prouct Type
		<order by="asc">
			<order-column name="industrySpecific" />
		</order>
		
		<order by="asc">
			<order-column name="categoryType" />
		</order>

		<order by="asc">
			<order-column name="industryStandard" />
		</order>   -->
		
		<!-- Finder methods -->
		<finder name="K_P" return-type="Collection">
			<finder-column name="groupId" />
			<finder-column name="productId" />
		</finder>
		
		<!-- Finder productId -->
		<finder name="ProductId" return-type="Product">
			<finder-column name="productId" />
		</finder>
		
		<!-- Finder productRefNo -->
		<finder name="ProductRefNo" return-type="Product">
			<finder-column name="productRefNo" />
		</finder>
		
		<!-- Finder ProductName -->
		<finder name="ProductName" return-type="Product">
			<finder-column name="productName" />
		</finder>

		<!-- References -->
		<reference entity="AssetEntry" package-path="com.liferay.portlet.asset" />
		<reference entity="AssetTag" package-path="com.liferay.portlet.asset" />
	</entity>
	
		<!-- Some Exception We May Want To Customize -->
	<exceptions>
		<exception>ProductValidation</exception>
	</exceptions>
</service-builder>