<?xml version="1.0"?>

<model-hints>
	<model name="com.liferay.karam.product.model.Product">
		<field name="uuid" type="String" />
		<field name="productId" type="long" />
		<field name="groupId" type="long" />
		<field name="companyId" type="long" />
		<field name="userId" type="long" />
		<field name="userName" type="String" />
		<field name="createDate" type="Date" />
		<field name="modifiedDate" type="Date" />
		<field name="productName" type="String" />
		<field name="productDescription" type="String">
			<hint name="max-length">2048</hint>
		</field>
		<field name="productRefNo" type="String" />
		<field name="imagePath" type="String">
			<hint name="max-length">1024</hint>
		</field>
		<field name="isActive" type="Boolean" />
	</model>
</model-hints>